{"cover_group_items"
:[{"expanded":false,"Exclusion Rule Type":"None","UNR":"none","title":"coverage","All Average Grd":"87.5%","All Cov":"23 / 30 (76.67%)","Enclosing Entity":"uvm_pkg.uvm_test_top.env_h.scoreboard_h","Source":"    covergroup coverage; "
,"subitems":[{"expanded":false,"Exclusion Rule Type":"None","UNR":"none","title":"DUT_RESET","At Least":"1","All Average Grd":"100%","All Cov":"1 / 1 (100%)","Source":"        DUT_RESET   : coverpoint coverage_data_packet.HRESETn   {bins dev_reset = {0};  }"
,"subitems":[{"expanded":false,"Exclusion Rule Type":"None","UNR":"none","title":"dev_reset","All Average Grd":"100%","All Cov":"1 / 1 (100%)","Score":"3","At Least":"1","Source":"        DUT_RESET   : coverpoint coverage_data_packet.HRESETn   {bins dev_reset = {0};  }"}
],"columns":""}
,{"expanded":false,"Exclusion Rule Type":"None","UNR":"none","title":"WRITE","At Least":"1","All Average Grd":"100%","All Cov":"1 / 1 (100%)","Source":"        WRITE       : coverpoint coverage_data_packet.HWRITE    {bins write = {1};      }"
,"subitems":[{"expanded":false,"Exclusion Rule Type":"None","UNR":"none","title":"write","All Average Grd":"100%","All Cov":"1 / 1 (100%)","Score":"1006","At Least":"1","Source":"        WRITE       : coverpoint coverage_data_packet.HWRITE    {bins write = {1};      }"}
],"columns":""}
,{"expanded":false,"Exclusion Rule Type":"None","UNR":"none","title":"READ","At Least":"1","All Average Grd":"100%","All Cov":"1 / 1 (100%)","Source":"        READ        : coverpoint coverage_data_packet.HWRITE    {bins read  = {0};      }"
,"subitems":[{"expanded":false,"Exclusion Rule Type":"None","UNR":"none","title":"read","All Average Grd":"100%","All Cov":"1 / 1 (100%)","Score":"2","At Least":"1","Source":"        READ        : coverpoint coverage_data_packet.HWRITE    {bins read  = {0};      }"}
],"columns":""}
,{"expanded":false,"Exclusion Rule Type":"None","UNR":"none","title":"ADDRESS_GROUP","At Least":"1","All Average Grd":"100%","All Cov":"8 / 8 (100%)","Source":"        ADDRESS_GROUP : coverpoint coverage_data_packet.HADDR   {bins APB_SLAVE1 = {[32'h000:32'h0FF]};"
,"subitems":[{"expanded":false,"Exclusion Rule Type":"None","UNR":"none","title":"APB_SLAVE1","All Average Grd":"100%","All Cov":"1 / 1 (100%)","Score":"136","At Least":"1","Source":"        ADDRESS_GROUP : coverpoint coverage_data_packet.HADDR   {bins APB_SLAVE1 = {[32'h000:32'h0FF]};"}
,{"expanded":false,"Exclusion Rule Type":"None","UNR":"none","title":"APB_SLAVE2","All Average Grd":"100%","All Cov":"1 / 1 (100%)","Score":"125","At Least":"1","Source":"                                                                 bins APB_SLAVE2 = {[32'h100:32'h1FF]};"}
,{"expanded":false,"Exclusion Rule Type":"None","UNR":"none","title":"APB_SLAVE3","All Average Grd":"100%","All Cov":"1 / 1 (100%)","Score":"113","At Least":"1","Source":"                                                                 bins APB_SLAVE3 = {[32'h200:32'h2FF]};"}
,{"expanded":false,"Exclusion Rule Type":"None","UNR":"none","title":"APB_SLAVE4","All Average Grd":"100%","All Cov":"1 / 1 (100%)","Score":"139","At Least":"1","Source":"                                                                 bins APB_SLAVE4 = {[32'h300:32'h3FF]};"}
,{"expanded":false,"Exclusion Rule Type":"None","UNR":"none","title":"APB_SLAVE5","All Average Grd":"100%","All Cov":"1 / 1 (100%)","Score":"120","At Least":"1","Source":"                                                                 bins APB_SLAVE5 = {[32'h400:32'h4FF]};"}
,{"expanded":false,"Exclusion Rule Type":"None","UNR":"none","title":"APB_SLAVE6","All Average Grd":"100%","All Cov":"1 / 1 (100%)","Score":"114","At Least":"1","Source":"                                                                 bins APB_SLAVE6 = {[32'h500:32'h5FF]};"}
,{"expanded":false,"Exclusion Rule Type":"None","UNR":"none","title":"APB_SLAVE7","All Average Grd":"100%","All Cov":"1 / 1 (100%)","Score":"127","At Least":"1","Source":"                                                                 bins APB_SLAVE7 = {[32'h600:32'h6FF]};"}
,{"expanded":false,"Exclusion Rule Type":"None","UNR":"none","title":"APB_SLAVE8","All Average Grd":"100%","All Cov":"1 / 1 (100%)","Score":"134","At Least":"1","Source":"                                                                 bins APB_SLAVE8 = {[32'h700:32'h7FF]};"}
],"columns":""}
,{"expanded":false,"Exclusion Rule Type":"None","UNR":"none","title":"TRANSACTION","At Least":"1","All Average Grd":"100%","All Cov":"3 / 3 (100%)","Source":"        TRANSACTION  : coverpoint coverage_data_packet.HTRANS   {bins idle      = {2'b00};"
,"subitems":[{"expanded":false,"Exclusion Rule Type":"None","UNR":"none","title":"idle","All Average Grd":"100%","All Cov":"1 / 1 (100%)","Score":"7","At Least":"1","Source":"        TRANSACTION  : coverpoint coverage_data_packet.HTRANS   {bins idle      = {2'b00};"}
,{"expanded":false,"Exclusion Rule Type":"None","UNR":"none","title":"nonseq","All Average Grd":"100%","All Cov":"1 / 1 (100%)","Score":"1","At Least":"1","Source":"                                                                 bins nonseq    = {2'b10};"}
,{"expanded":false,"Exclusion Rule Type":"None","UNR":"none","title":"sequen","All Average Grd":"100%","All Cov":"1 / 1 (100%)","Score":"1000","At Least":"1","Source":"                                                                 bins sequen    = {2'b11};"}
],"columns":""}
,{"expanded":false,"Exclusion Rule Type":"None","UNR":"none","title":"WRITE_CROSS_COVERAGE","At Least":"1","All Average Grd":"100%","All Cov":"8 / 8 (100%)","Source":"        WRITE_CROSS_COVERAGE: cross WRITE, ADDRESS_GROUP;"
,"subitems":[{"expanded":false,"Exclusion Rule Type":"None","UNR":"none","title":"write;APB_SLAVE1","All Average Grd":"100%","All Cov":"1 / 1 (100%)","Score":"134","At Least":"1","Source":"        WRITE_CROSS_COVERAGE: cross WRITE, ADDRESS_GROUP;"}
,{"expanded":false,"Exclusion Rule Type":"None","UNR":"none","title":"write;APB_SLAVE2","All Average Grd":"100%","All Cov":"1 / 1 (100%)","Score":"125","At Least":"1","Source":"        WRITE_CROSS_COVERAGE: cross WRITE, ADDRESS_GROUP;"}
,{"expanded":false,"Exclusion Rule Type":"None","UNR":"none","title":"write;APB_SLAVE3","All Average Grd":"100%","All Cov":"1 / 1 (100%)","Score":"113","At Least":"1","Source":"        WRITE_CROSS_COVERAGE: cross WRITE, ADDRESS_GROUP;"}
,{"expanded":false,"Exclusion Rule Type":"None","UNR":"none","title":"write;APB_SLAVE4","All Average Grd":"100%","All Cov":"1 / 1 (100%)","Score":"139","At Least":"1","Source":"        WRITE_CROSS_COVERAGE: cross WRITE, ADDRESS_GROUP;"}
,{"expanded":false,"Exclusion Rule Type":"None","UNR":"none","title":"write;APB_SLAVE5","All Average Grd":"100%","All Cov":"1 / 1 (100%)","Score":"120","At Least":"1","Source":"        WRITE_CROSS_COVERAGE: cross WRITE, ADDRESS_GROUP;"}
,{"expanded":false,"Exclusion Rule Type":"None","UNR":"none","title":"write;APB_SLAVE6","All Average Grd":"100%","All Cov":"1 / 1 (100%)","Score":"114","At Least":"1","Source":"        WRITE_CROSS_COVERAGE: cross WRITE, ADDRESS_GROUP;"}
,{"expanded":false,"Exclusion Rule Type":"None","UNR":"none","title":"write;APB_SLAVE7","All Average Grd":"100%","All Cov":"1 / 1 (100%)","Score":"127","At Least":"1","Source":"        WRITE_CROSS_COVERAGE: cross WRITE, ADDRESS_GROUP;"}
,{"expanded":false,"Exclusion Rule Type":"None","UNR":"none","title":"write;APB_SLAVE8","All Average Grd":"100%","All Cov":"1 / 1 (100%)","Score":"134","At Least":"1","Source":"        WRITE_CROSS_COVERAGE: cross WRITE, ADDRESS_GROUP;"}
],"columns":"WRITE;ADDRESS_GROUP"}
,{"expanded":false,"Exclusion Rule Type":"None","UNR":"none","title":"READ_CROSS_COVERAGE","At Least":"1","All Average Grd":"12.5%","All Cov":"1 / 8 (12.5%)","Source":"        READ_CROSS_COVERAGE: cross READ, ADDRESS_GROUP;"
,"subitems":[{"expanded":false,"Exclusion Rule Type":"None","UNR":"none","title":"read;APB_SLAVE1","All Average Grd":"100%","All Cov":"1 / 1 (100%)","Score":"2","At Least":"1","Source":"        READ_CROSS_COVERAGE: cross READ, ADDRESS_GROUP;"}
,{"expanded":false,"Exclusion Rule Type":"None","UNR":"none","title":"read;APB_SLAVE2","All Average Grd":"0%","All Cov":"0 / 1 (0%)","Score":"0","At Least":"1","Source":"        READ_CROSS_COVERAGE: cross READ, ADDRESS_GROUP;"}
,{"expanded":false,"Exclusion Rule Type":"None","UNR":"none","title":"read;APB_SLAVE3","All Average Grd":"0%","All Cov":"0 / 1 (0%)","Score":"0","At Least":"1","Source":"        READ_CROSS_COVERAGE: cross READ, ADDRESS_GROUP;"}
,{"expanded":false,"Exclusion Rule Type":"None","UNR":"none","title":"read;APB_SLAVE4","All Average Grd":"0%","All Cov":"0 / 1 (0%)","Score":"0","At Least":"1","Source":"        READ_CROSS_COVERAGE: cross READ, ADDRESS_GROUP;"}
,{"expanded":false,"Exclusion Rule Type":"None","UNR":"none","title":"read;APB_SLAVE5","All Average Grd":"0%","All Cov":"0 / 1 (0%)","Score":"0","At Least":"1","Source":"        READ_CROSS_COVERAGE: cross READ, ADDRESS_GROUP;"}
,{"expanded":false,"Exclusion Rule Type":"None","UNR":"none","title":"read;APB_SLAVE6","All Average Grd":"0%","All Cov":"0 / 1 (0%)","Score":"0","At Least":"1","Source":"        READ_CROSS_COVERAGE: cross READ, ADDRESS_GROUP;"}
,{"expanded":false,"Exclusion Rule Type":"None","UNR":"none","title":"read;APB_SLAVE7","All Average Grd":"0%","All Cov":"0 / 1 (0%)","Score":"0","At Least":"1","Source":"        READ_CROSS_COVERAGE: cross READ, ADDRESS_GROUP;"}
,{"expanded":false,"Exclusion Rule Type":"None","UNR":"none","title":"read;APB_SLAVE8","All Average Grd":"0%","All Cov":"0 / 1 (0%)","Score":"0","At Least":"1","Source":"        READ_CROSS_COVERAGE: cross READ, ADDRESS_GROUP;"}
],"columns":"READ;ADDRESS_GROUP"}
]}
]
}
